<?xml version="1.0" encoding="UTF-8"?>
<root>
  <item name="com.docker.core.binding.recycle.LayoutManager com.docker.core.binding.recycle.LayoutManager.LayoutManagerFactory grid(int, int, boolean) 1">
    <annotation name="android.support.annotation.IntDef">
      <val name="value" val="{android.support.v7.widget.LinearLayoutManager.HORIZONTAL, android.support.v7.widget.LinearLayoutManager.VERTICAL}" />
    </annotation>
  </item>
  <item name="com.docker.core.binding.recycle.LayoutManager com.docker.core.binding.recycle.LayoutManager.LayoutManagerFactory linear(int, boolean) 0">
    <annotation name="android.support.annotation.IntDef">
      <val name="value" val="{android.support.v7.widget.LinearLayoutManager.HORIZONTAL, android.support.v7.widget.LinearLayoutManager.VERTICAL}" />
    </annotation>
  </item>
  <item name="com.docker.core.binding.recycle.LayoutManager com.docker.core.binding.recycle.LayoutManager.LayoutManagerFactory staggeredGrid(int, int) 1">
    <annotation name="android.support.annotation.IntDef">
      <val name="value" val="{android.support.v7.widget.LinearLayoutManager.HORIZONTAL, android.support.v7.widget.LinearLayoutManager.VERTICAL}" />
    </annotation>
  </item>
  <item name="com.docker.core.binding.recycle.LayoutManager.Orientation">
    <annotation name="android.support.annotation.IntDef">
      <val name="value" val="{android.support.v7.widget.LinearLayoutManager.HORIZONTAL, android.support.v7.widget.LinearLayoutManager.VERTICAL}" />
    </annotation>
  </item>
</root>

